Offence;Region / City;2007;2008;2009;2010;2011;2012;2013;2014;2015;2016;2017;2018;2019;2020
Region Hovedstaden;Nature of the offence, total;192915;201759;209213;203678;208004;208997;215615;209536;203995;214322;200573;189236;192709;164550
Region Hovedstaden;Penal Code, total;165477;173385;183671;177703;179134;178440;175905;168149;166245;173218;161039;145280;144919;124249
Region Hovedstaden;Penal code, unspecified;0;0;0;0;0;0;0;0;0;0;0;0;0;0
Region Hovedstaden;Sexual offenses, total;690;683;615;653;665;730;732;611;797;1823;3302;2684;1583;1628
Region Hovedstaden;Incest, etc.;17;9;18;9;15;16;10;4;15;19;11;9;9;8
Region Hovedstaden;Rape, etc.;158;151;124;123;89;99;112;119;149;250;301;314;319;345
Region Hovedstaden;Heterosexual offence against a child under 12 (Repealed in 2013);38;19;27;25;30;31;12;0;0;0;0;0;0;0
Region Hovedstaden;Sexual offence against a child under 12 (New from 2013);0;0;0;0;0;0;19;29;44;214;145;111;50;64
Region Hovedstaden;Any other kind of heterosexual offence (Repealed in 2013);38;44;57;50;54;77;48;0;0;0;0;0;0;0
Region Hovedstaden;Sexual offence against a child under 15 (New from 2013);0;0;0;0;0;0;14;22;36;159;100;192;45;56
Region Hovedstaden;Any other kind of sexual offence (New from 2013);0;0;0;0;0;0;21;27;40;58;63;158;101;88
Region Hovedstaden;Homosexual offence against a child under 12 (Repealed in 2013);4;2;0;2;0;1;0;0;0;0;0;0;0;0
Region Hovedstaden;Any other kind of homosexual offence (Repealed in 2013);4;1;2;1;2;6;1;0;0;0;0;0;0;0
Region Hovedstaden;Offence against public decency by groping;120;131;129;125;137;132;134;128;224;224;286;281;274;306
Region Hovedstaden;Offence against public decency by indecent exposure;129;118;80;140;159;137;141;144;120;162;144;139;162;175
Region Hovedstaden;Any other kind of offence against public decency;104;125;101;117;105;175;176;90;130;322;987;824;441;427
Region Hovedstaden;Prostitution, etc.;78;83;77;61;74;56;44;48;39;415;1265;656;182;159
Region Hovedstaden;Crimes of violence, total;6456;5790;5622;5341;5182;4874;5297;5846;6236;7107;8798;9347;9740;8865
Region Hovedstaden;Violence against public authority;1263;1038;919;904;921;795;1055;1107;1315;1571;2065;2020;2045;1627
Region Hovedstaden;Unlawful assembly/disturbance of public order;206;9;35;4;65;8;27;55;62;110;192;195;292;134
Region Hovedstaden;Homicide;10;16;21;14;23;18;11;23;18;17;18;16;22;14
Region Hovedstaden;Attempted homicide;72;107;100;74;60;66;89;77;69;111;106;109;72;69
Region Hovedstaden;Coercive control;0;0;0;0;0;0;0;0;0;0;0;0;62;158
Region Hovedstaden;Common assault;3017;2887;2708;2553;2459;2260;2390;2694;2752;2976;3348;3827;3952;3558
Region Hovedstaden;Assault causing actual bodily harm;645;504;510;522;526;531;510;590;559;713;827;739;796;692
Region Hovedstaden;Particularly aggravated assault;4;9;5;8;6;5;6;5;3;5;8;7;2;2
Region Hovedstaden;Unprovoked assault;0;0;0;0;0;0;0;0;0;0;0;0;0;0
Region Hovedstaden;Any other kind of intentional trespass to the person;0;0;0;0;0;0;0;0;0;0;0;0;0;0
Region Hovedstaden;Intentional bodily harm;0;0;0;0;0;0;0;0;0;0;0;0;0;0
Region Hovedstaden;Causing death or bodily harm by negligence;4;13;10;14;7;6;6;11;7;10;12;14;18;3
Region Hovedstaden;Offences against life and limb;119;119;175;123;122;151;133;154;160;170;592;428;298;294
Region Hovedstaden;Offences against personal liberty;94;81;117;102;93;96;105;80;86;123;123;151;164;172
Region Hovedstaden;Threats;1022;1007;1022;1023;900;938;965;1050;1205;1301;1507;1841;2017;2142
Region Hovedstaden;Offences against property, total;155615;164243;175040;168823;170275;169935;166178;158236;155858;161245;145660;129622;129564;109418
Region Hovedstaden;Forgery;955;788;722;1059;2080;1145;1005;857;1309;1514;962;673;961;898
Region Hovedstaden;Cheque forgery;98;107;189;192;75;28;31;31;5;4;0;0;0;0
Region Hovedstaden;Arson;701;815;426;351;248;207;664;398;344;415;466;530;744;561
Region Hovedstaden;Burglary - business and community;8951;9633;11709;10558;8621;7337;7281;6452;6078;4644;4015;4207;4163;3262
Region Hovedstaden;Residential burglaries;11005;12182;16168;15625;15460;14210;14118;12219;11261;11792;9907;9168;8726;5896
Region Hovedstaden;Burglary (uninhabited buildings);2999;3867;4655;4611;4580;4203;4987;5144;4023;4202;3536;3123;3024;2727
Region Hovedstaden;Theft from conveyances;16216;13099;14413;12647;10266;11591;9606;10266;9188;9852;10871;10200;9216;7573
Region Hovedstaden;Shoplifting, etc.;7335;8402;8674;9858;9713;9490;8931;9291;8722;8789;9023;8534;7420;7607
Region Hovedstaden;Other kinds of theft;47310;52938;51664;54604;60474;65330;66451;58569;53094;59165;53363;39179;35565;22884
Region Hovedstaden;Theft of/taking vehicle without the owners consent (TWOC);5718;6105;6259;5242;4342;3714;3557;3430;3463;3572;3098;2801;2755;2337
Region Hovedstaden;Theft of/taking moped without the owners consent (TWOC);2015;1636;1303;750;608;517;493;385;270;228;189;181;163;167
Region Hovedstaden;Theft of/taking bicycle without the owners consent (TWOC);31658;34057;38822;34775;35099;35061;31436;31717;29463;28388;25000;26798;26854;24433
Region Hovedstaden;Theft of/taking other objects without the owners consent (TWOC);1751;2252;2390;2048;1988;1893;1911;1891;1644;1517;1319;1626;1457;1270
Region Hovedstaden;Theft by finding;235;252;266;267;306;280;249;221;207;199;194;229;280;236
Region Hovedstaden;Embezzlement;149;123;112;261;110;341;116;656;1417;913;155;724;1018;1401
Region Hovedstaden;Fraud;2828;2486;2160;3058;4271;3114;3750;5290;14015;13801;12112;11473;12930;13405
Region Hovedstaden;Fraud by cheque;26;65;103;134;53;39;30;8;3;1;2;0;1;2
Region Hovedstaden;Fraud by abuse of position;46;29;34;22;137;103;121;68;265;785;347;186;1002;239
Region Hovedstaden;Blackmail and usury;70;67;86;79;70;112;96;144;143;150;373;724;459;1464
Region Hovedstaden;Fraud against creditors;28;25;27;41;35;49;49;33;32;102;24;23;42;28
Region Hovedstaden;Handling stolen goods;352;341;443;480;535;505;864;975;360;467;222;235;287;852
Region Hovedstaden;Robbery;1485;1613;2200;1755;1749;1717;1938;1291;1067;1177;1048;956;857;839
Region Hovedstaden;Aggravated tax evasion etc.;202;171;65;133;134;151;219;241;192;289;185;194;580;601
Region Hovedstaden;Malicious damage to property;13375;13096;12064;10218;9270;8699;7825;8132;8019;7512;7553;6732;7278;7582
Region Hovedstaden;Receiving stolen goods by negligence;5;6;6;5;4;1;4;8;6;3;4;1;2;2
Region Hovedstaden;Offence against and infringement of property;102;88;80;50;47;98;446;519;1268;1764;1692;1125;3780;3152
Region Hovedstaden;Other offences, total;2716;2669;2394;2886;3012;2901;3698;3456;3354;3043;3279;3627;4032;4338
Region Hovedstaden;Offences against public authority, etc.;824;783;647;779;860;801;925;882;811;580;683;847;936;868
Region Hovedstaden;Offences by public servants;12;50;15;20;16;22;34;27;36;75;160;59;112;350
Region Hovedstaden;Perjury;31;22;17;29;30;40;24;22;56;27;31;39;29;26
Region Hovedstaden;Any other kind of false statement;450;469;453;474;492;484;487;478;484;407;429;440;392;478
Region Hovedstaden;Offences concerning money and evidence;490;472;273;364;420;570;1001;794;854;521;512;602;659;465
Region Hovedstaden;Trafficking of drugs, etc.;303;263;270;326;286;326;439;451;452;422;402;596;505;523
Region Hovedstaden;Smuggling etc. of drugs;58;55;51;32;49;54;88;78;46;32;29;55;67;58
Region Hovedstaden;General public offences etc.;17;80;180;227;211;161;162;128;111;138;210;200;175;184
Region Hovedstaden;Illegal trade, etc.;42;17;17;33;36;44;64;38;93;230;149;52;24;22
Region Hovedstaden;Family relation offences;21;23;6;29;21;22;27;27;20;22;30;26;37;29
Region Hovedstaden;Involuntary manslaughter etc. in connection with traffic accident;37;50;38;44;35;51;41;53;33;52;53;37;53;66
Region Hovedstaden;Non-molestation order (Repealed in 2012);181;153;178;213;267;23;1;0;0;0;0;0;0;0
Region Hovedstaden;Invasion of privacy and defamation;250;232;249;316;289;303;405;478;358;537;591;674;1043;1269
Region Hovedstaden;Special acts, total;27438;28374;25542;25975;28870;30557;39710;41387;37750;41104;39534;43956;47790;40301
Region Hovedstaden;Euphoriants Act;8226;8896;7667;7213;8095;8674;10439;11988;11021;10282;10717;12689;14126;12705
Region Hovedstaden;The Offensive Weapons Act;2812;3094;2456;1756;1934;2359;3190;3363;3137;3264;2831;4374;5604;4269
Region Hovedstaden;Tax legislation and fiscal acts, etc.;435;614;649;785;779;1416;1599;1710;1333;1333;1244;1310;1287;1946
Region Hovedstaden;Other special acts in criminal law;8397;7829;7985;8310;10486;10185;16799;17090;15454;17600;15973;17802;18519;14111
Region Hovedstaden;Health and social security legislation;535;903;730;1039;925;810;782;861;860;923;930;779;755;1689
Region Hovedstaden;Building and housing legislation;74;66;51;39;44;58;42;39;67;54;70;98;49;47
Region Hovedstaden;The environmental protection act;1114;1234;1109;1157;1088;1136;867;1048;748;815;642;834;736;735
Region Hovedstaden;Legislation on animals, hunting, etc.;883;1026;1068;1072;1130;1073;1009;907;880;908;837;1042;959;897
Region Hovedstaden;Legislation on employment, transport, etc.;2240;2303;1976;2738;2558;2636;2350;2188;2094;2567;2733;2468;2908;2356
Region Hovedstaden;The Companies Act;98;123;90;101;234;324;282;208;314;387;359;204;685;760
Region Hovedstaden;Legislation on the national defence;403;329;312;499;280;533;1182;1017;954;2259;2416;1680;1306;276
Region Hovedstaden;Legislation applying to public utilities;60;116;143;87;115;127;112;85;125;74;148;52;60;50
Region Hovedstaden;Legislation on gambling, licencing, trade;2083;1772;1260;1146;1158;1192;1017;823;694;492;474;406;476;287
Region Hovedstaden;Any other special legislation;78;69;46;33;44;34;40;60;69;146;160;218;320;173
Region Hovedstaden;Special legislation, unspecified;0;0;0;0;0;0;0;0;0;0;0;0;0;0
Region Sjælland;Nature of the offence, total;64419;75670;76705;72703;71807;66757;67952;66553;63480;65721;62975;61445;57270;52608
Region Sjælland;Penal Code, total;56751;67944;68873;63755;61415;56007;55312;51550;47089;51459;48235;42762;39658;37834
Region Sjælland;Penal code, unspecified;0;0;0;0;0;0;0;0;0;0;0;0;0;0
Region Sjælland;Sexual offenses, total;376;383;318;435;408;378;404;546;440;530;755;934;833;896
Region Sjælland;Incest, etc.;13;16;8;24;5;17;13;15;13;3;18;21;9;15
Region Sjælland;Rape, etc.;69;78;66;75;75;47;59;65;81;106;149;200;165;175
Region Sjælland;Heterosexual offence against a child under 12 (Repealed in 2013);26;31;27;43;22;29;6;0;0;0;0;0;0;0
Region Sjælland;Sexual offence against a child under 12 (New from 2013);0;0;0;0;0;0;7;25;26;27;29;67;65;58
Region Sjælland;Any other kind of heterosexual offence (Repealed in 2013);41;33;44;49;39;30;14;0;0;0;0;0;0;0
Region Sjælland;Sexual offence against a child under 15 (New from 2013);0;0;0;0;0;0;27;41;44;25;27;39;60;66
Region Sjælland;Any other kind of sexual offence (New from 2013);0;0;0;0;0;0;5;16;13;25;37;36;51;38
Region Sjælland;Homosexual offence against a child under 12 (Repealed in 2013);4;1;1;0;2;0;1;0;0;0;0;0;0;0
Region Sjælland;Any other kind of homosexual offence (Repealed in 2013);7;6;2;1;3;1;1;0;0;0;0;0;0;0
Region Sjælland;Offence against public decency by groping;49;54;54;77;70;67;68;69;63;143;128;163;136;144
Region Sjælland;Offence against public decency by indecent exposure;51;48;34;51;81;70;105;126;74;79;53;75;64;97
Region Sjælland;Any other kind of offence against public decency;69;63;53;86;83;88;76;152;91;93;181;175;196;211
Region Sjælland;Prostitution, etc.;47;53;29;29;28;29;22;37;35;29;133;158;87;92
Region Sjælland;Crimes of violence, total;2712;2579;2474;2449;2346;2204;2356;2431;2518;3327;3780;4072;4488;4304
Region Sjælland;Violence against public authority;414;323;344;348;331;328;341;420;451;783;869;998;1029;894
Region Sjælland;Unlawful assembly/disturbance of public order;0;8;1;0;3;1;2;0;0;1;0;47;4;22
Region Sjælland;Homicide;7;10;10;15;9;5;6;9;9;3;5;8;10;11
Region Sjælland;Attempted homicide;33;17;27;16;31;16;24;21;17;21;25;33;28;23
Region Sjælland;Coercive control;0;0;0;0;0;0;0;0;0;0;0;0;40;84
Region Sjælland;Common assault;1381;1256;1207;1176;1103;1015;1079;1126;1189;1433;1484;1553;1721;1646
Region Sjælland;Assault causing actual bodily harm;200;234;246;253;235;236;240;225;196;217;258;231;283;256
Region Sjælland;Particularly aggravated assault;5;1;3;1;2;4;5;1;2;1;3;2;2;2
Region Sjælland;Unprovoked assault;0;0;0;0;0;0;0;0;0;0;0;0;0;0
Region Sjælland;Any other kind of intentional trespass to the person;0;0;0;0;0;0;0;0;0;0;0;0;0;0
Region Sjælland;Intentional bodily harm;0;0;0;0;0;0;0;0;0;0;0;0;0;0
Region Sjælland;Causing death or bodily harm by negligence;12;7;7;5;6;3;1;2;2;3;2;9;3;3
Region Sjælland;Offences against life and limb;60;69;73;69;62;68;60;52;54;73;330;224;178;146
Region Sjælland;Offences against personal liberty;35;34;27;35;39;49;49;61;50;49;55;65;76;102
Region Sjælland;Threats;565;620;529;531;525;479;549;514;548;743;749;902;1114;1115
Region Sjælland;Offences against property, total;52881;64164;65234;59804;57562;52426;51629;47658;43163;46527;42725;36763;33145;31412
Region Sjælland;Forgery;237;189;186;346;172;333;260;301;285;194;265;263;170;137
Region Sjælland;Cheque forgery;33;29;45;22;23;9;11;2;0;0;0;0;0;0
Region Sjælland;Arson;155;141;135;114;119;116;113;175;158;160;278;337;291;237
Region Sjælland;Burglary - business and community;3831;5487;6159;4541;3961;2898;3134;2831;2536;2335;2105;1943;1515;1346
Region Sjælland;Residential burglaries;5585;8249;8866;7741;7881;7286;6916;5891;4331;4574;4608;4313;3912;2803
Region Sjælland;Burglary (uninhabited buildings);2429;2945;3435;3310;3437;2849;2617;2492;2274;2601;2062;1809;1615;1495
Region Sjælland;Theft from conveyances;5953;6216;5431;5582;4104;3592;2996;2598;2668;3058;3959;3504;2234;1836
Region Sjælland;Shoplifting, etc.;2055;2110;2201;2239;2247;2258;2358;2511;2292;2058;1756;1652;1750;1840
Region Sjælland;Other kinds of theft;12955;16301;16446;17248;17455;16333;16938;15294;13677;12622;11628;8502;7659;6440
Region Sjælland;Theft of/taking vehicle without the owners consent (TWOC);2429;3536;3237;2776;2391;1742;1730;1505;1341;1602;1554;1337;1192;1118
Region Sjælland;Theft of/taking moped without the owners consent (TWOC);1242;1082;848;504;467;348;294;287;204;184;133;123;129;94
Region Sjælland;Theft of/taking bicycle without the owners consent (TWOC);6461;7225;7399;6487;6284;6034;5387;5118;4859;4464;3417;3045;3077;2505
Region Sjælland;Theft of/taking other objects without the owners consent (TWOC);1093;1627;1862;1692;1480;1237;1208;1184;1182;1184;1191;1079;1170;1055
Region Sjælland;Theft by finding;95;88;104;106;148;134;115;115;79;96;101;99;89;85
Region Sjælland;Embezzlement;36;43;87;51;107;199;487;350;139;1093;40;17;171;78
Region Sjælland;Fraud;637;857;1067;1172;1444;1486;1912;1744;2542;4345;4005;3604;2517;3429
Region Sjælland;Fraud by cheque;14;52;28;59;24;4;18;16;2;0;0;0;0;0
Region Sjælland;Fraud by abuse of position;17;8;11;9;46;130;13;352;110;350;187;10;23;98
Region Sjælland;Blackmail and usury;33;43;49;35;70;46;55;56;95;78;128;323;200;429
Region Sjælland;Fraud against creditors;13;5;12;21;52;20;23;13;16;9;18;9;7;10
Region Sjælland;Handling stolen goods;151;117;166;193;217;217;251;291;114;482;90;124;110;184
Region Sjælland;Robbery;317;444;472;411;338;297;292;236;219;232;208;173;189;186
Region Sjælland;Aggravated tax evasion etc.;45;41;24;22;19;53;54;49;42;73;41;35;61;38
Region Sjælland;Malicious damage to property;7038;7279;6888;5051;5049;4746;4023;4110;3922;3842;3700;3630;3762;4032
Region Sjælland;Receiving stolen goods by negligence;4;4;1;6;0;4;8;6;0;3;2;0;2;2
Region Sjælland;Offence against and infringement of property;23;46;75;66;27;55;416;131;76;888;1249;832;1300;1935
Region Sjælland;Other offences, total;782;818;847;1067;1099;999;923;915;968;1075;975;993;1192;1222
Region Sjælland;Offences against public authority, etc.;190;168;212;196;288;291;262;246;280;262;251;223;240;161
Region Sjælland;Offences by public servants;9;10;12;6;5;10;11;14;9;26;35;12;23;19
Region Sjælland;Perjury;16;6;16;13;19;12;12;18;13;7;14;16;15;15
Region Sjælland;Any other kind of false statement;153;139;132;197;236;222;153;150;134;130;139;199;116;152
Region Sjælland;Offences concerning money and evidence;62;67;72;80;95;126;140;98;141;184;103;98;114;112
Region Sjælland;Trafficking of drugs, etc.;71;89;79;96;108;90;84;100;115;93;71;82;105;126
Region Sjælland;Smuggling etc. of drugs;10;9;20;20;22;10;9;8;13;10;10;12;17;22
Region Sjælland;General public offences etc.;11;22;71;108;137;56;72;72;51;67;86;77;61;79
Region Sjælland;Illegal trade, etc.;3;0;3;5;5;4;5;14;6;5;4;4;3;4
Region Sjælland;Family relation offences;15;11;3;16;9;11;14;13;9;8;9;16;11;10
Region Sjælland;Involuntary manslaughter etc. in connection with traffic accident;54;50;58;45;36;31;26;26;26;40;44;42;42;27
Region Sjælland;Non-molestation order (Repealed in 2012);112;159;81;106;40;11;0;0;0;0;0;0;0;0
Region Sjælland;Invasion of privacy and defamation;76;88;88;179;99;125;135;156;171;243;209;212;445;495
Region Sjælland;Special acts, total;7668;7726;7832;8948;10392;10750;12640;15003;16391;14262;14740;18683;17612;14774
Region Sjælland;Euphoriants Act;1215;1437;1478;1581;2103;2239;2148;3069;1793;2036;2504;2610;2811;2076
Region Sjælland;The Offensive Weapons Act;845;854;1063;936;1025;1026;941;846;808;1036;1136;2523;3333;2109
Region Sjælland;Tax legislation and fiscal acts, etc.;120;137;131;159;192;583;1000;940;645;747;741;747;786;1029
Region Sjælland;Other special acts in criminal law;2517;2349;2252;2912;3206;2879;4065;5947;9400;6457;6258;8636;6026;5053
Region Sjælland;Health and social security legislation;134;203;195;178;285;183;254;332;237;234;266;226;270;480
Region Sjælland;Building and housing legislation;16;17;18;44;45;30;21;24;31;19;25;23;18;33
Region Sjælland;The environmental protection act;212;330;349;320;339;369;442;337;245;234;320;642;410;573
Region Sjælland;Legislation on animals, hunting, etc.;1100;1158;1159;1478;1647;1468;1275;1217;1140;1050;995;980;1078;1148
Region Sjælland;Legislation on employment, transport, etc.;693;593;530;580;745;1069;1370;1325;1239;1087;1172;1353;1934;1888
Region Sjælland;The Companies Act;19;18;34;35;64;70;69;32;43;85;64;51;82;143
Region Sjælland;Legislation on the national defence;206;177;239;193;118;237;427;411;443;997;1007;621;619;113
Region Sjælland;Legislation applying to public utilities;28;23;61;28;58;23;45;52;40;13;25;13;12;6
Region Sjælland;Legislation on gambling, licencing, trade;537;403;316;491;545;548;562;460;321;254;215;232;212;105
Region Sjælland;Any other special legislation;26;27;7;13;20;26;21;11;6;13;12;26;21;18
Region Sjælland;Special legislation, unspecified;0;0;0;0;0;0;0;0;0;0;0;0;0;0
Region Syddanmark;Nature of the offence, total;104273;113217;115548;110419;110526;99007;96787;93242;85967;84204;85797;85268;83954;78439
Region Syddanmark;Penal Code, total;90736;98515;100942;96090;92035;81546;77470;74407;66116;64483;64149;61344;59037;53152
Region Syddanmark;Penal code, unspecified;0;0;0;0;0;0;0;0;0;0;0;0;0;0
Region Syddanmark;Sexual offenses, total;614;636;575;642;627;608;579;651;733;861;952;1275;1139;1099
Region Syddanmark;Incest, etc.;15;25;12;16;8;24;17;13;14;10;15;11;10;5
Region Syddanmark;Rape, etc.;128;92;117;98;114;99;82;73;102;168;200;221;269;270
Region Syddanmark;Heterosexual offence against a child under 12 (Repealed in 2013);73;56;38;59;49;43;27;0;0;0;0;0;0;0
Region Syddanmark;Sexual offence against a child under 12 (New from 2013);0;0;0;0;0;0;27;34;49;42;55;85;83;73
Region Syddanmark;Any other kind of heterosexual offence (Repealed in 2013);69;109;68;97;76;69;39;0;0;0;0;0;0;0
Region Syddanmark;Sexual offence against a child under 15 (New from 2013);0;0;0;0;0;0;20;52;64;59;49;108;101;71
Region Syddanmark;Any other kind of sexual offence (New from 2013);0;0;0;0;0;0;16;27;24;48;63;64;57;63
Region Syddanmark;Homosexual offence against a child under 12 (Repealed in 2013);4;2;1;3;0;1;2;0;0;0;0;0;0;0
Region Syddanmark;Any other kind of homosexual offence (Repealed in 2013);0;2;2;0;4;0;3;0;0;0;0;0;0;0
Region Syddanmark;Offence against public decency by groping;99;107;105;99;98;126;92;143;130;202;156;198;187;153
Region Syddanmark;Offence against public decency by indecent exposure;79;79;78;95;92;109;100;88;119;122;83;103;80;101
Region Syddanmark;Any other kind of offence against public decency;97;104;108;133;141;92;99;150;149;169;165;283;232;234
Region Syddanmark;Prostitution, etc.;50;60;46;42;45;45;55;71;82;41;166;202;120;129
Region Syddanmark;Crimes of violence, total;4488;4391;4464;4565;4506;4273;3868;3687;3735;4932;5603;6013;6256;5902
Region Syddanmark;Violence against public authority;668;667;646;656;675;749;775;744;848;1203;1329;1532;1489;1657
Region Syddanmark;Unlawful assembly/disturbance of public order;2;0;2;1;2;6;3;3;3;3;1;26;15;9
Region Syddanmark;Homicide;13;11;12;8;12;10;8;8;4;16;10;12;7;9
Region Syddanmark;Attempted homicide;28;25;37;26;24;33;21;24;20;35;27;25;17;22
Region Syddanmark;Coercive control;0;0;0;0;0;0;0;0;0;0;0;0;32;71
Region Syddanmark;Common assault;2319;2265;2252;2323;2264;2057;1906;1719;1739;2228;2359;2549;2570;2191
Region Syddanmark;Assault causing actual bodily harm;371;370;372;378;362;370;275;295;288;324;266;353;327;343
Region Syddanmark;Particularly aggravated assault;8;3;4;1;4;1;0;3;2;2;4;1;0;1
Region Syddanmark;Unprovoked assault;0;0;0;0;0;0;0;0;0;0;0;0;0;0
Region Syddanmark;Any other kind of intentional trespass to the person;0;0;0;0;0;0;0;0;0;0;0;0;0;0
Region Syddanmark;Intentional bodily harm;0;0;0;0;0;0;0;0;0;0;0;0;0;0
Region Syddanmark;Causing death or bodily harm by negligence;8;7;13;3;3;11;3;3;2;4;6;4;7;4
Region Syddanmark;Offences against life and limb;71;79;97;90;75;87;84;55;55;99;452;303;199;186
Region Syddanmark;Offences against personal liberty;70;64;68;71;69;54;49;56;44;53;88;93;211;139
Region Syddanmark;Threats;930;900;961;1008;1016;895;744;777;730;965;1061;1115;1382;1270
Region Syddanmark;Offences against property, total;84217;92243;94512;89281;84700;75175;71254;68393;59776;57008;55827;51989;49298;43474
Region Syddanmark;Forgery;312;274;293;265;317;273;440;315;247;328;316;281;316;453
Region Syddanmark;Cheque forgery;93;99;109;46;28;47;14;26;1;2;0;0;0;0
Region Syddanmark;Arson;192;157;119;122;130;127;153;120;117;129;139;202;217;217
Region Syddanmark;Burglary - business and community;5912;7756;8591;7655;6127;5048;4397;3713;3343;3383;2984;3661;2960;2482
Region Syddanmark;Residential burglaries;7602;10260;10958;9636;9564;9598;9264;8398;7298;6670;5999;6740;5580;3650
Region Syddanmark;Burglary (uninhabited buildings);2963;3404;4189;3994;4002;2940;2809;2769;2737;2278;2315;2697;2351;2308
Region Syddanmark;Theft from conveyances;10837;9747;9650;8652;7938;5657;5037;4639;3641;3114;3428;2951;2630;2670
Region Syddanmark;Shoplifting, etc.;3602;3702;3821;3791;3734;3817;3658;3860;3302;3105;2939;2926;3094;3018
Region Syddanmark;Other kinds of theft;19741;23221;22813;24148;24057;21859;21663;19719;16097;14179;13964;11023;9938;8032
Region Syddanmark;Theft of/taking vehicle without the owners consent (TWOC);3744;3995;3973;3585;2966;2096;1749;1563;1494;1521;1585;1445;1370;1313
Region Syddanmark;Theft of/taking moped without the owners consent (TWOC);2068;1798;1483;1127;812;733;540;558;401;371;324;244;212;258
Region Syddanmark;Theft of/taking bicycle without the owners consent (TWOC);11823;12957;13652;12577;11672;10449;9225;9621;8774;8697;8135;6827;6801;5677
Region Syddanmark;Theft of/taking other objects without the owners consent (TWOC);2563;2923;3059;3014;2746;2350;2159;2085;1968;1841;1673;1766;1731;1473
Region Syddanmark;Theft by finding;155;141;132;186;200;172;170;174;147;160;100;154;142;189
Region Syddanmark;Embezzlement;58;67;80;225;133;262;231;333;147;141;943;253;980;351
Region Syddanmark;Fraud;1262;1234;1219;1735;2557;2235;2822;3295;3765;4378;4571;4868;4807;4550
Region Syddanmark;Fraud by cheque;86;61;81;51;35;28;12;2;0;0;0;0;0;0
Region Syddanmark;Fraud by abuse of position;30;22;9;27;32;25;123;101;219;223;184;51;29;60
Region Syddanmark;Blackmail and usury;60;55;49;54;75;42;48;67;36;95;134;258;204;446
Region Syddanmark;Fraud against creditors;13;23;27;45;31;31;20;19;23;20;20;24;21;47
Region Syddanmark;Handling stolen goods;328;321;381;449;575;603;577;878;349;736;250;204;424;465
Region Syddanmark;Robbery;559;558;592;556;448;419;429;307;284;332;295;286;269;253
Region Syddanmark;Aggravated tax evasion etc.;56;71;28;15;26;35;30;34;44;52;21;45;57;107
Region Syddanmark;Malicious damage to property;10080;9316;9130;7250;6393;6219;5587;5312;5109;5089;4940;4801;4734;5191
Region Syddanmark;Receiving stolen goods by negligence;8;7;8;13;9;4;9;7;5;3;1;2;5;0
Region Syddanmark;Offence against and infringement of property;70;74;66;63;93;106;88;478;228;161;567;280;426;264
Region Syddanmark;Other offences, total;1417;1245;1391;1602;2202;1490;1769;1676;1872;1682;1767;2067;2344;2677
Region Syddanmark;Offences against public authority, etc.;426;359;431;486;612;489;497;576;596;609;606;738;701;716
Region Syddanmark;Offences by public servants;3;5;4;9;16;12;11;17;26;14;50;51;41;77
Region Syddanmark;Perjury;22;21;17;14;20;31;27;35;17;22;18;22;30;28
Region Syddanmark;Any other kind of false statement;221;209;211;200;251;252;227;270;222;231;206;201;262;275
Region Syddanmark;Offences concerning money and evidence;138;101;112;140;351;106;182;207;279;204;209;187;179;252
Region Syddanmark;Trafficking of drugs, etc.;192;159;147;250;335;172;191;193;195;132;142;179;217;220
Region Syddanmark;Smuggling etc. of drugs;24;24;15;19;32;35;40;43;25;56;27;28;36;38
Region Syddanmark;General public offences etc.;5;25;80;140;100;93;67;59;56;63;77;70;67;125
Region Syddanmark;Illegal trade, etc.;3;1;7;6;5;7;28;10;10;14;8;2;5;0
Region Syddanmark;Family relation offences;14;11;10;9;6;11;12;9;15;18;11;14;19;17
Region Syddanmark;Involuntary manslaughter etc. in connection with traffic accident;48;47;70;39;54;49;61;43;41;40;46;74;59;61
Region Syddanmark;Non-molestation order (Repealed in 2012);170;128;142;144;181;23;0;0;0;0;0;0;0;0
Region Syddanmark;Invasion of privacy and defamation;151;155;145;146;239;210;426;214;390;279;367;501;728;868
Region Syddanmark;Special acts, total;13537;14702;14606;14329;18491;17461;19317;18835;19851;19721;21648;23924;24917;25287
Region Syddanmark;Euphoriants Act;2818;3058;2990;3185;4031;3487;3632;3685;3248;3553;4632;5025;5375;6134
Region Syddanmark;The Offensive Weapons Act;1461;1603;1590;1352;1667;1400;1398;1299;1630;1814;1869;3489;4122;2807
Region Syddanmark;Tax legislation and fiscal acts, etc.;313;232;314;267;261;876;1151;1122;919;1039;949;935;1234;2350
Region Syddanmark;Other special acts in criminal law;4445;4606;4519;4494;6133;5658;7003;7306;9301;8193;8944;8385;8668;7607
Region Syddanmark;Health and social security legislation;348;539;490;431;457;351;363;282;246;294;355;426;539;1418
Region Syddanmark;Building and housing legislation;23;27;27;29;25;23;31;25;24;16;10;16;17;14
Region Syddanmark;The environmental protection act;346;505;454;531;587;576;574;597;532;416;394;873;640;773
Region Syddanmark;Legislation on animals, hunting, etc.;1498;1790;1843;1793;2130;2104;1719;1681;1378;1122;1131;1497;1452;1703
Region Syddanmark;Legislation on employment, transport, etc.;1062;1244;1147;1114;1941;1551;1707;1311;1302;1371;1251;1666;1459;1759
Region Syddanmark;The Companies Act;23;12;50;51;60;93;85;45;72;76;34;33;96;219
Region Syddanmark;Legislation on the national defence;204;205;300;197;139;349;708;654;583;1233;1410;850;681;175
Region Syddanmark;Legislation applying to public utilities;56;44;62;73;112;91;88;62;59;44;32;37;26;27
Region Syddanmark;Legislation on gambling, licencing, trade;919;814;800;788;934;882;845;746;542;537;599;666;558;249
Region Syddanmark;Any other special legislation;21;23;20;24;14;20;13;20;15;13;38;26;50;52
Region Syddanmark;Special legislation, unspecified;0;0;0;0;0;0;0;0;0;0;0;0;0;0
Region Midtjylland;Nature of the offence, total;101943;105901;107395;106126;108705;102259;99386;91656;85964;87759;98188;102129;93665;78457
Region Midtjylland;Penal Code, total;89462;92894;94166;91515;90434;85371;81206;75123;68467;69152;70692;66528;59115;56052
Region Midtjylland;Penal code, unspecified;0;0;0;0;0;0;0;0;0;0;0;0;0;0
Region Midtjylland;Sexual offenses, total;555;474;432;582;567;535;553;481;580;660;986;1260;1111;1266
Region Midtjylland;Incest, etc.;17;10;9;12;9;10;7;5;6;18;11;8;51;13
Region Midtjylland;Rape, etc.;130;99;77;76;83;88;71;65;84;161;158;205;220;208
Region Midtjylland;Heterosexual offence against a child under 12 (Repealed in 2013);27;37;29;23;36;38;10;0;0;0;0;0;0;0
Region Midtjylland;Sexual offence against a child under 12 (New from 2013);0;0;0;0;0;0;19;23;50;34;70;57;66;207
Region Midtjylland;Any other kind of heterosexual offence (Repealed in 2013);64;53;61;53;37;71;26;0;0;0;0;0;0;0
Region Midtjylland;Sexual offence against a child under 15 (New from 2013);0;0;0;0;0;0;15;54;28;29;31;39;66;45
Region Midtjylland;Any other kind of sexual offence (New from 2013);0;0;0;0;0;0;10;15;12;39;52;60;57;56
Region Midtjylland;Homosexual offence against a child under 12 (Repealed in 2013);1;2;3;0;1;0;1;0;0;0;0;0;0;0
Region Midtjylland;Any other kind of homosexual offence (Repealed in 2013);0;0;0;1;3;3;1;0;0;0;0;0;0;0
Region Midtjylland;Offence against public decency by groping;98;85;75;233;164;114;124;127;79;135;156;142;159;183
Region Midtjylland;Offence against public decency by indecent exposure;75;53;54;69;96;98;76;66;89;74;89;86;102;113
Region Midtjylland;Any other kind of offence against public decency;86;80;74;69;86;72;149;77;114;129;149;295;267;330
Region Midtjylland;Prostitution, etc.;57;55;50;46;52;41;44;49;118;41;270;368;123;111
Region Midtjylland;Crimes of violence, total;3852;3992;3667;3957;3943;3753;3496;3522;3597;4918;6151;5585;5738;5221
Region Midtjylland;Violence against public authority;492;451;503;639;680;734;717;778;779;1577;2055;1534;1399;1331
Region Midtjylland;Unlawful assembly/disturbance of public order;0;2;2;0;1;19;1;8;10;27;24;39;79;16
Region Midtjylland;Homicide;10;12;8;9;5;6;12;13;9;8;8;10;7;11
Region Midtjylland;Attempted homicide;39;35;33;28;23;17;20;22;27;20;30;22;20;21
Region Midtjylland;Coercive control;0;0;0;0;0;0;0;0;0;0;0;0;30;41
Region Midtjylland;Common assault;2160;2242;1961;1987;2001;1850;1680;1642;1723;1967;2098;2194;2450;2013
Region Midtjylland;Assault causing actual bodily harm;335;402;349;443;401;353;317;286;291;328;376;365;404;390
Region Midtjylland;Particularly aggravated assault;2;2;2;1;2;3;1;0;2;2;2;3;3;1
Region Midtjylland;Unprovoked assault;0;0;0;0;0;0;0;0;0;0;0;0;0;0
Region Midtjylland;Any other kind of intentional trespass to the person;0;0;0;0;0;0;0;0;0;0;0;0;0;0
Region Midtjylland;Intentional bodily harm;0;0;0;0;0;0;0;0;0;0;0;0;0;0
Region Midtjylland;Causing death or bodily harm by negligence;14;9;9;4;5;4;2;4;4;5;4;5;5;7
Region Midtjylland;Offences against life and limb;60;77;79;82;75;56;67;69;74;100;485;275;202;185
Region Midtjylland;Offences against personal liberty;38;47;47;60;49;45;98;67;50;67;96;137;100;139
Region Midtjylland;Threats;702;713;674;704;701;666;581;633;628;817;973;1001;1039;1066
Region Midtjylland;Offences against property, total;83862;87264;88950;85773;84336;79854;75942;69972;63095;61957;62101;57845;50126;47401
Region Midtjylland;Forgery;255;240;227;330;328;443;254;222;226;355;327;231;394;389
Region Midtjylland;Cheque forgery;77;37;92;67;20;41;14;54;4;11;0;0;0;0
Region Midtjylland;Arson;229;189;180;136;138;83;116;91;79;121;129;203;298;292
Region Midtjylland;Burglary - business and community;6782;6859;8096;6737;5747;4629;4986;3774;3562;3395;3619;3493;2954;2772
Region Midtjylland;Residential burglaries;9011;9649;8798;8379;8881;8989;8304;7700;7162;6285;5974;6268;4738;3944
Region Midtjylland;Burglary (uninhabited buildings);2929;3465;4371;3944;4036;3165;3097;2657;2664;2601;2428;2513;2369;2527
Region Midtjylland;Theft from conveyances;10192;9401;8493;9631;8692;6438;6058;5349;5195;4272;4411;5691;4527;3581
Region Midtjylland;Shoplifting, etc.;3307;3851;4034;3632;3522;4082;3771;3629;3463;3369;3165;3506;3325;3337
Region Midtjylland;Other kinds of theft;20431;23033;22400;23180;23967;25351;23718;21171;17448;16998;15298;11059;9226;7734
Region Midtjylland;Theft of/taking vehicle without the owners consent (TWOC);3798;4171;4287;3740;3027;2331;2041;1645;1447;1460;1605;1422;1278;1232
Region Midtjylland;Theft of/taking moped without the owners consent (TWOC);1864;1404;1116;806;710;624;518;397;310;222;248;226;172;175
Region Midtjylland;Theft of/taking bicycle without the owners consent (TWOC);12257;12560;14067;13360;13648;12561;11016;10311;8880;8088;8708;7540;7092;6087
Region Midtjylland;Theft of/taking other objects without the owners consent (TWOC);2032;2286;2486;2199;2210;2050;1907;1875;1533;1447;1556;1417;1278;1337
Region Midtjylland;Theft by finding;112;128;101;123;139;113;119;105;87;73;99;66;104;119
Region Midtjylland;Embezzlement;83;69;71;82;58;131;105;133;143;97;697;705;730;366
Region Midtjylland;Fraud;981;1015;1263;1897;1786;1944;2695;3508;3794;5915;7034;5985;5198;5309
Region Midtjylland;Fraud by cheque;44;75;53;57;29;23;24;35;5;3;1;0;0;0
Region Midtjylland;Fraud by abuse of position;11;17;15;20;38;38;96;48;14;41;148;1168;272;47
Region Midtjylland;Blackmail and usury;20;31;32;37;39;50;74;75;98;57;132;381;171;614
Region Midtjylland;Fraud against creditors;17;10;18;36;31;17;18;15;28;16;12;24;26;27
Region Midtjylland;Handling stolen goods;377;294;328;397;359;383;365;459;249;216;611;177;666;381
Region Midtjylland;Robbery;469;588;556;480;492;424;419;394;353;349;354;285;249;270
Region Midtjylland;Aggravated tax evasion etc.;102;102;50;68;57;20;35;32;37;36;35;82;44;55
Region Midtjylland;Malicious damage to property;8436;7747;7771;6375;6333;5859;6061;5315;5458;5551;5135;4770;4725;5089
Region Midtjylland;Receiving stolen goods by negligence;3;3;3;1;7;4;7;3;2;1;0;3;4;2
Region Midtjylland;Offence against and infringement of property;43;40;42;59;42;61;124;975;854;978;375;630;286;1715
Region Midtjylland;Other offences, total;1193;1164;1117;1203;1588;1229;1215;1148;1195;1617;1454;1838;2140;2164
Region Midtjylland;Offences against public authority, etc.;229;294;235;310;292;353;344;315;311;360;490;710;575;630
Region Midtjylland;Offences by public servants;7;16;7;6;6;6;6;24;23;61;18;163;30;87
Region Midtjylland;Perjury;21;18;31;34;48;26;25;16;25;19;18;27;16;24
Region Midtjylland;Any other kind of false statement;251;195;192;198;269;247;251;222;242;200;209;185;293;264
Region Midtjylland;Offences concerning money and evidence;151;146;91;97;98;126;141;162;173;522;161;102;447;116
Region Midtjylland;Trafficking of drugs, etc.;137;115;115;156;154;153;126;98;123;103;123;168;198;280
Region Midtjylland;Smuggling etc. of drugs;4;24;5;9;6;7;15;4;10;5;4;32;11;20
Region Midtjylland;General public offences etc.;12;30;65;69;71;64;57;67;42;84;80;45;83;56
Region Midtjylland;Illegal trade, etc.;12;4;10;12;14;11;26;13;6;6;4;7;3;0
Region Midtjylland;Family relation offences;7;13;14;10;7;20;15;12;10;12;17;14;12;8
Region Midtjylland;Involuntary manslaughter etc. in connection with traffic accident;78;70;79;86;61;56;59;55;51;49;61;69;61;50
Region Midtjylland;Non-molestation order (Repealed in 2012);151;134;135;83;428;17;0;0;0;0;0;0;0;0
Region Midtjylland;Invasion of privacy and defamation;133;105;138;133;134;143;150;160;179;196;269;316;411;629
Region Midtjylland;Special acts, total;12481;13007;13229;14611;18271;16888;18180;16533;17497;18607;27496;35601;34550;22405
Region Midtjylland;Euphoriants Act;3306;3547;3465;3648;4227;4542;4669;4351;4367;3671;4322;4898;5814;5445
Region Midtjylland;The Offensive Weapons Act;1285;1595;1571;1380;1363;1206;1317;1227;1447;1653;1763;3310;4010;2726
Region Midtjylland;Tax legislation and fiscal acts, etc.;250;205;191;325;359;594;921;824;719;643;813;759;870;1312
Region Midtjylland;Other special acts in criminal law;3654;3603;3435;4615;6618;5638;6359;6150;7412;8370;15963;21464;18438;7787
Region Midtjylland;Health and social security legislation;377;409;442;378;454;429;374;351;286;322;325;414;487;837
Region Midtjylland;Building and housing legislation;21;41;38;45;28;30;30;22;23;36;16;18;13;23
Region Midtjylland;The environmental protection act;214;386;475;581;492;487;523;432;415;378;379;958;528;682
Region Midtjylland;Legislation on animals, hunting, etc.;1592;1599;1572;1516;1505;1341;1204;1038;944;893;911;1017;1069;1216
Region Midtjylland;Legislation on employment, transport, etc.;794;744;1206;1194;2180;1339;1415;889;828;1186;1276;1534;2055;1739
Region Midtjylland;The Companies Act;20;24;53;29;49;130;68;43;46;75;341;50;163;164
Region Midtjylland;Legislation on the national defence;191;151;197;171;98;202;408;369;384;795;858;625;578;174
Region Midtjylland;Legislation applying to public utilities;41;56;40;46;72;39;37;29;25;15;7;7;12;11
Region Midtjylland;Legislation on gambling, licencing, trade;726;638;529;670;810;894;839;777;582;561;495;528;500;268
Region Midtjylland;Any other special legislation;10;9;15;13;16;17;16;31;19;9;27;19;13;21
Region Midtjylland;Special legislation, unspecified;0;0;0;0;0;0;0;0;0;0;0;0;0;0
Region Nordjylland;Nature of the offence, total;44020;46149;47505;44721;49182;43844;44180;39929;37838;37160;37992;36630;33860;28068
Region Nordjylland;Penal Code, total;38244;40503;40633;37490;39655;34646;33708;29560;28342;27243;27387;25346;22677;19439
Region Nordjylland;Penal code, unspecified;0;0;0;0;0;0;0;0;0;0;0;0;0;0
Region Nordjylland;Sexual offenses, total;275;247;238;264;251;264;201;278;236;338;498;712;527;505
Region Nordjylland;Incest, etc.;4;11;8;12;9;14;8;4;5;1;10;4;2;1
Region Nordjylland;Rape, etc.;66;45;40;48;47;45;35;50;54;88;105;92;94;115
Region Nordjylland;Heterosexual offence against a child under 12 (Repealed in 2013);17;20;19;29;26;14;12;0;0;0;0;0;0;0
Region Nordjylland;Sexual offence against a child under 12 (New from 2013);0;0;0;0;0;0;17;24;17;22;27;26;21;22
Region Nordjylland;Any other kind of heterosexual offence (Repealed in 2013);33;43;33;37;28;29;16;0;0;0;0;0;0;0
Region Nordjylland;Sexual offence against a child under 15 (New from 2013);0;0;0;0;0;0;5;22;30;25;26;29;35;37
Region Nordjylland;Any other kind of sexual offence (New from 2013);0;0;0;0;0;0;7;5;12;23;18;22;39;24
Region Nordjylland;Homosexual offence against a child under 12 (Repealed in 2013);1;0;1;3;0;6;0;0;0;0;0;0;0;0
Region Nordjylland;Any other kind of homosexual offence (Repealed in 2013);6;1;2;3;0;1;0;0;0;0;0;0;0;0
Region Nordjylland;Offence against public decency by groping;37;31;32;33;48;46;34;67;39;76;66;69;74;84
Region Nordjylland;Offence against public decency by indecent exposure;37;25;36;31;34;19;25;32;24;35;34;38;58;64
Region Nordjylland;Any other kind of offence against public decency;60;49;48;55;42;72;25;47;47;48;119;271;129;124
Region Nordjylland;Prostitution, etc.;14;22;19;13;17;18;17;27;8;20;93;161;75;34
Region Nordjylland;Crimes of violence, total;1726;1607;1603;1678;1688;1613;1502;1410;1527;1808;2239;2128;2137;2056
Region Nordjylland;Violence against public authority;217;232;197;255;217;273;266;282;305;421;504;477;455;494
Region Nordjylland;Unlawful assembly/disturbance of public order;0;0;1;0;1;0;0;13;1;1;3;4;3;0
Region Nordjylland;Homicide;5;4;4;3;0;2;3;5;6;5;11;5;1;4
Region Nordjylland;Attempted homicide;15;10;9;7;9;9;10;4;4;6;11;10;3;8
Region Nordjylland;Coercive control;0;0;0;0;0;0;0;0;0;0;0;0;12;15
Region Nordjylland;Common assault;981;902;872;869;925;811;796;657;720;869;876;811;905;772
Region Nordjylland;Assault causing actual bodily harm;118;137;109;140;145;152;135;119;112;133;145;141;142;153
Region Nordjylland;Particularly aggravated assault;15;0;3;0;1;1;1;2;2;2;1;1;1;2
Region Nordjylland;Unprovoked assault;0;0;0;0;0;0;0;0;0;0;0;0;0;0
Region Nordjylland;Any other kind of intentional trespass to the person;0;0;0;0;0;0;0;0;0;0;0;0;0;0
Region Nordjylland;Intentional bodily harm;0;0;0;0;0;0;0;0;0;0;0;0;0;0
Region Nordjylland;Causing death or bodily harm by negligence;5;3;3;1;2;0;2;5;7;2;3;4;2;1
Region Nordjylland;Offences against life and limb;34;28;36;40;35;39;31;26;40;42;224;156;76;95
Region Nordjylland;Offences against personal liberty;20;20;21;30;18;28;13;27;22;22;52;38;33;38
Region Nordjylland;Threats;316;271;348;333;335;298;245;270;308;305;409;481;504;474
Region Nordjylland;Offences against property, total;35831;38206;38249;34982;37170;32293;31503;27438;26114;24620;24022;21778;19277;16130
Region Nordjylland;Forgery;119;113;122;128;186;170;342;323;201;197;297;157;101;240
Region Nordjylland;Cheque forgery;40;23;22;7;3;13;0;1;12;8;0;0;0;0
Region Nordjylland;Arson;107;96;137;186;156;128;122;89;70;123;96;123;83;115
Region Nordjylland;Burglary - business and community;3106;3517;4177;3579;2892;2091;1786;1320;1325;1243;1108;945;998;860
Region Nordjylland;Residential burglaries;3067;3605;3839;3343;3529;3322;3304;2608;3057;2527;2635;2495;1730;1186
Region Nordjylland;Burglary (uninhabited buildings);2477;2600;2862;2880;2899;2208;1870;1601;1640;1536;1569;1391;1557;1148
Region Nordjylland;Theft from conveyances;3352;2979;2574;2848;2481;1832;1593;1375;961;970;1267;1063;858;728
Region Nordjylland;Shoplifting, etc.;1534;1447;1697;1377;1418;1499;1567;1653;1572;1578;1487;1523;1273;1191
Region Nordjylland;Other kinds of theft;8402;9933;9213;8851;11183;10485;10750;8552;6545;5942;5700;4401;3916;3030
Region Nordjylland;Theft of/taking vehicle without the owners consent (TWOC);1974;2254;2018;1711;1577;947;860;686;660;637;688;552;513;426
Region Nordjylland;Theft of/taking moped without the owners consent (TWOC);895;743;640;456;427;326;185;144;165;125;115;104;103;89
Region Nordjylland;Theft of/taking bicycle without the owners consent (TWOC);4915;5035;5308;4500;4870;4307;4325;3892;3367;2856;2818;2267;2372;1906
Region Nordjylland;Theft of/taking other objects without the owners consent (TWOC);1059;1320;1257;1180;1331;1114;1043;820;794;805;682;720;697;563
Region Nordjylland;Theft by finding;70;69;62;75;67;65;42;79;45;51;65;51;90;58
Region Nordjylland;Embezzlement;24;18;24;35;35;34;26;153;255;980;352;1028;35;158
Region Nordjylland;Fraud;541;590;714;816;905;804;929;1659;2047;2519;2805;2438;2670;1874
Region Nordjylland;Fraud by cheque;20;31;21;25;27;10;5;3;20;7;0;0;0;0
Region Nordjylland;Fraud by abuse of position;6;12;7;7;10;14;50;2;28;196;69;35;101;42
Region Nordjylland;Blackmail and usury;27;10;12;19;20;11;12;18;27;28;93;143;67;217
Region Nordjylland;Fraud against creditors;6;2;14;22;16;16;8;30;15;7;10;10;19;19
Region Nordjylland;Handling stolen goods;142;137;167;156;155;115;166;149;96;83;49;45;38;63
Region Nordjylland;Robbery;155;191;172;157;202;136;115;89;106;92;126;112;120;81
Region Nordjylland;Aggravated tax evasion etc.;48;34;18;17;18;20;10;12;19;19;25;19;11;33
Region Nordjylland;Malicious damage to property;3724;3430;3138;2576;2728;2603;2369;2130;2173;2047;1924;1963;1868;1951
Region Nordjylland;Receiving stolen goods by negligence;3;0;3;3;3;6;0;1;1;0;0;0;0;1
Region Nordjylland;Offence against and infringement of property;18;17;31;28;32;17;24;49;913;44;42;193;57;151
Region Nordjylland;Other offences, total;412;443;543;566;546;476;502;434;465;477;628;728;736;748
Region Nordjylland;Offences against public authority, etc.;75;81;118;121;139;111;92;91;97;84;134;155;138;159
Region Nordjylland;Offences by public servants;3;9;5;11;5;5;5;4;5;9;16;42;20;14
Region Nordjylland;Perjury;5;5;5;8;7;7;11;8;14;6;2;8;2;3
Region Nordjylland;Any other kind of false statement;65;90;80;83;105;91;92;69;78;72;77;88;61;86
Region Nordjylland;Offences concerning money and evidence;53;44;90;93;44;39;59;50;59;62;65;39;52;26
Region Nordjylland;Trafficking of drugs, etc.;63;55;41;54;64;61;105;77;46;58;65;74;86;83
Region Nordjylland;Smuggling etc. of drugs;6;8;4;0;2;4;4;4;4;1;9;8;4;2
Region Nordjylland;General public offences etc.;8;10;52;44;27;42;20;13;20;37;37;36;36;21
Region Nordjylland;Illegal trade, etc.;1;0;0;7;0;0;0;1;1;0;5;1;0;0
Region Nordjylland;Family relation offences;6;3;4;5;7;3;3;5;4;6;3;12;8;5
Region Nordjylland;Involuntary manslaughter etc. in connection with traffic accident;28;23;24;34;35;23;27;13;16;24;25;24;26;17
Region Nordjylland;Non-molestation order (Repealed in 2012);40;49;50;49;37;15;0;0;0;0;0;0;0;0
Region Nordjylland;Invasion of privacy and defamation;59;66;70;57;74;75;84;99;121;118;190;241;303;332
Region Nordjylland;Special acts, total;5776;5646;6872;7231;9527;9198;10472;10369;9496;9917;10605;11284;11183;8629
Region Nordjylland;Euphoriants Act;1028;1116;1305;1369;1741;1706;2219;2221;1811;1932;2216;2176;2037;1656
Region Nordjylland;The Offensive Weapons Act;445;503;569;600;705;603;560;467;649;718;791;1637;1957;1218
Region Nordjylland;Tax legislation and fiscal acts, etc.;111;126;98;153;142;530;689;620;511;483;469;693;662;933
Region Nordjylland;Other special acts in criminal law;1684;1401;1593;2114;3705;3107;3541;3833;3796;3531;3591;3226;3343;1953
Region Nordjylland;Health and social security legislation;267;323;253;288;270;302;261;203;220;231;224;191;221;266
Region Nordjylland;Building and housing legislation;6;13;16;20;9;9;9;0;7;5;3;6;7;15
Region Nordjylland;The environmental protection act;167;245;277;275;241;273;312;420;302;311;268;514;353;438
Region Nordjylland;Legislation on animals, hunting, etc.;1036;1079;1156;1226;1271;1026;897;785;652;576;652;760;764;806
Region Nordjylland;Legislation on employment, transport, etc.;381;305;892;480;587;673;735;629;571;594;659;737;869;989
Region Nordjylland;The Companies Act;12;9;18;22;23;55;40;30;40;43;35;30;44;76
Region Nordjylland;Legislation on the national defence;208;139;210;142;146;323;572;560;520;1088;1231;744;433;80
Region Nordjylland;Legislation applying to public utilities;16;17;26;26;67;40;49;49;51;28;17;19;16;7
Region Nordjylland;Legislation on gambling, licencing, trade;412;367;459;516;613;549;584;464;357;367;435;534;458;170
Region Nordjylland;Any other special legislation;3;3;0;0;7;2;4;88;9;10;14;17;19;22
Region Nordjylland;Special legislation, unspecified;0;0;0;0;0;0;0;0;0;0;0;0;0;0
